{
    "loss": 1.048727035522461,
    "accuracy": 0.8569587469100952
}